{"AAPL": {"Trend-Following": {"annualReturn": -2.7945176709334496, "profitFactor": 1.451764707951785, "winRate": 40.0, "maxDrawdown": -99.82554647757341, "annualVolatility": 61.70784985896617, "sharpeRatio": 0.0}, "Signal-And-Trailing": {"annualReturn": 0.0, "profitFactor": NaN, "winRate": NaN, "maxDrawdown": -0.0, "annualVolatility": 0.0, "sharpeRatio": NaN}}, "AMGN": {"Trend-Following": {"annualReturn": 0.17451734250186757, "profitFactor": 239.8860487414571, "winRate": 38.613861386138616, "maxDrawdown": -98.02947162963748, "annualVolatility": 38.599069337887755, "sharpeRatio": 0.004521283686251116}, "Signal-And-Trailing": {"annualReturn": 0.06420792763299765, "profitFactor": NaN, "winRate": 100.0, "maxDrawdown": -20.02928023699172, "annualVolatility": 3.3268174576405825, "sharpeRatio": 0.019300105416224025}}, "AXP": {"Trend-Following": {"annualReturn": -5.586264314359967, "profitFactor": 0.922199582459209, "winRate": 36.93693693693694, "maxDrawdown": -95.35676299909957, "annualVolatility": 31.44866949313926, "sharpeRatio": 0.0}, "Signal-And-Trailing": {"annualReturn": 0.9503446588568165, "profitFactor": 11.554614960497556, "winRate": 72.72727272727273, "maxDrawdown": -24.658879896570728, "annualVolatility": 5.534763005485659, "sharpeRatio": 0.1717046706272524}}, "BA": {"Trend-Following": {"annualReturn": 2.9393497465585394, "profitFactor": 1.5933127038456136, "winRate": 40.909090909090914, "maxDrawdown": -75.28316408836272, "annualVolatility": 29.547775418128293, "sharpeRatio": 0.09947786948303308}, "Signal-And-Trailing": {"annualReturn": 1.0456654662021059, "profitFactor": 3.5153995756195044, "winRate": 75.0, "maxDrawdown": -64.82583217034671, "annualVolatility": 14.776357333949184, "sharpeRatio": 0.07076611931951957}}, "CAT": {"Trend-Following": {"annualReturn": 5.2362883239164715, "profitFactor": 1.7745365154919486, "winRate": 41.5929203539823, "maxDrawdown": -70.13051873351989, "annualVolatility": 30.942510086198816, "sharpeRatio": 0.16922635911984385}, "Signal-And-Trailing": {"annualReturn": -0.11437008186410136, "profitFactor": 0.0, "winRate": 0.0, "maxDrawdown": -30.575691718954033, "annualVolatility": 5.483407095052608, "sharpeRatio": 0.0}}, "CRM": {"Trend-Following": {"annualReturn": -0.5653134132428517, "profitFactor": 1.6749205448776328, "winRate": 36.58536585365854, "maxDrawdown": -88.74509761598087, "annualVolatility": 39.713128009276545, "sharpeRatio": 0.0}, "Signal-And-Trailing": {"annualReturn": 3.3074125084479933, "profitFactor": 5.823958999618773, "winRate": 80.0, "maxDrawdown": -36.39278326124307, "annualVolatility": 13.622747324455393, "sharpeRatio": 0.24278601295867583}}, "CSCO": {"Trend-Following": {"annualReturn": 9.390347186375013, "profitFactor": 3.737535837701207, "winRate": 44.776119402985074, "maxDrawdown": -81.79858500604162, "annualVolatility": 41.38825590870178, "sharpeRatio": 0.22688434146848685}, "Signal-And-Trailing": {"annualReturn": 0.0, "profitFactor": NaN, "winRate": NaN, "maxDrawdown": -0.0, "annualVolatility": 0.0, "sharpeRatio": NaN}}, "CVX": {"Trend-Following": {"annualReturn": -4.828021844884223, "profitFactor": 0.7828104374069826, "winRate": 37.903225806451616, "maxDrawdown": -90.54032182093506, "annualVolatility": 24.202225200027712, "sharpeRatio": 0.0}, "Signal-And-Trailing": {"annualReturn": 0.0, "profitFactor": NaN, "winRate": NaN, "maxDrawdown": -0.0, "annualVolatility": 0.0, "sharpeRatio": NaN}}, "DIS": {"Trend-Following": {"annualReturn": 2.08096244348559, "profitFactor": 1.4498236054069935, "winRate": 41.584158415841586, "maxDrawdown": -80.18737132886953, "annualVolatility": 29.404886459831868, "sharpeRatio": 0.07076927320662366}, "Signal-And-Trailing": {"annualReturn": 0.0, "profitFactor": NaN, "winRate": NaN, "maxDrawdown": -0.0, "annualVolatility": 0.0, "sharpeRatio": NaN}}, "DOW": {"Trend-Following": {"annualReturn": 6.930897373889011, "profitFactor": 2.1115851239898085, "winRate": 50.0, "maxDrawdown": -35.72496401837185, "annualVolatility": 34.74404107320998, "sharpeRatio": 0.19948449172290453}, "Signal-And-Trailing": {"annualReturn": 0.0, "profitFactor": NaN, "winRate": NaN, "maxDrawdown": -0.0, "annualVolatility": 0.0, "sharpeRatio": NaN}}, "GS": {"Trend-Following": {"annualReturn": -5.648577352482198, "profitFactor": 1.0310252441916223, "winRate": 46.666666666666664, "maxDrawdown": -92.80971413398666, "annualVolatility": 33.46926680221694, "sharpeRatio": 0.0}, "Signal-And-Trailing": {"annualReturn": 0.0, "profitFactor": NaN, "winRate": NaN, "maxDrawdown": -0.0, "annualVolatility": 0.0, "sharpeRatio": NaN}}, "HD": {"Trend-Following": {"annualReturn": -0.07930244094258576, "profitFactor": 1.5206672248348505, "winRate": 39.04761904761905, "maxDrawdown": -92.64417692266778, "annualVolatility": 33.786082477152725, "sharpeRatio": 0.0}, "Signal-And-Trailing": {"annualReturn": 0.0384601880967228, "profitFactor": 1.251717038732003, "winRate": 50.0, "maxDrawdown": -29.561865709477853, "annualVolatility": 4.923072909359099, "sharpeRatio": 0.007812232076353644}}, "HON": {"Trend-Following": {"annualReturn": -1.6893213308634247, "profitFactor": 1.1245513231181412, "winRate": 38.333333333333336, "maxDrawdown": -88.7291005033083, "annualVolatility": 28.188066063913595, "sharpeRatio": 0.0}, "Signal-And-Trailing": {"annualReturn": 0.014835153473136131, "profitFactor": 1.0742302600861342, "winRate": 42.10526315789473, "maxDrawdown": -19.8197230147535, "annualVolatility": 4.326600220084399, "sharpeRatio": 0.003428824647183775}}, "IBM": {"Trend-Following": {"annualReturn": -3.3106684245106988, "profitFactor": 0.985558522948824, "winRate": 35.65217391304348, "maxDrawdown": -94.99759771155338, "annualVolatility": 24.73542556770234, "sharpeRatio": 0.0}, "Signal-And-Trailing": {"annualReturn": 0.0, "profitFactor": NaN, "winRate": NaN, "maxDrawdown": -0.0, "annualVolatility": 0.0, "sharpeRatio": NaN}}, "INTC": {"Trend-Following": {"annualReturn": 1.5038065445453608, "profitFactor": 1.4725794407541903, "winRate": 34.57943925233645, "maxDrawdown": -75.22463635123984, "annualVolatility": 38.9535492842938, "sharpeRatio": 0.0386051225671418}, "Signal-And-Trailing": {"annualReturn": 0.0, "profitFactor": NaN, "winRate": NaN, "maxDrawdown": -0.0, "annualVolatility": 0.0, "sharpeRatio": NaN}}, "JNJ": {"Trend-Following": {"annualReturn": 0.8375338146661804, "profitFactor": 1.325666792317669, "winRate": 36.11111111111111, "maxDrawdown": -74.8347968444276, "annualVolatility": 22.769325965986827, "sharpeRatio": 0.036783425908931223}, "Signal-And-Trailing": {"annualReturn": 0.0, "profitFactor": NaN, "winRate": NaN, "maxDrawdown": -0.0, "annualVolatility": 0.0, "sharpeRatio": NaN}}, "JPM": {"Trend-Following": {"annualReturn": -8.33134304731149, "profitFactor": 0.873598076804998, "winRate": 35.65217391304348, "maxDrawdown": -99.64282687450107, "annualVolatility": 32.5666765391992, "sharpeRatio": 0.0}, "Signal-And-Trailing": {"annualReturn": 0.0, "profitFactor": NaN, "winRate": NaN, "maxDrawdown": -0.0, "annualVolatility": 0.0, "sharpeRatio": NaN}}, "KO": {"Trend-Following": {"annualReturn": 0.4499470958629459, "profitFactor": 1.33819239297009, "winRate": 41.509433962264154, "maxDrawdown": -74.41388982894193, "annualVolatility": 23.36018026318666, "sharpeRatio": 0.01926128526379645}, "Signal-And-Trailing": {"annualReturn": 0.0, "profitFactor": NaN, "winRate": NaN, "maxDrawdown": -0.0, "annualVolatility": 0.0, "sharpeRatio": NaN}}, "MCD": {"Trend-Following": {"annualReturn": -2.026143117624013, "profitFactor": 1.019842524915483, "winRate": 36.283185840707965, "maxDrawdown": -72.53624618053551, "annualVolatility": 23.913182037818654, "sharpeRatio": 0.0}, "Signal-And-Trailing": {"annualReturn": 0.0, "profitFactor": NaN, "winRate": NaN, "maxDrawdown": -0.0, "annualVolatility": 0.0, "sharpeRatio": NaN}}, "MMM": {"Trend-Following": {"annualReturn": -5.90076280343621, "profitFactor": 0.6693862186066241, "winRate": 31.896551724137932, "maxDrawdown": -97.17546308221857, "annualVolatility": 23.76754108342527, "sharpeRatio": 0.0},