{"AAPL": {"Trend-Following": {"annualReturn": -2.7596557921165776, "profitFactor": 1.4532823036371658, "winRate": 40.0, "maxDrawdown": -99.82554647757341, "annualVolatility": 61.72687986156983, "sharpeRatio": 0.0}, "PriceSMA": {"annualReturn": 0.0, "profitFactor": NaN, "winRate": NaN, "maxDrawdown": -0.0, "annualVolatility": 0.0, "sharpeRatio": NaN}}, "AMGN": {"Trend-Following": {"annualReturn": 0.16890061418675106, "profitFactor": 239.18142507195313, "winRate": 38.613861386138616, "maxDrawdown": -98.02947162963748, "annualVolatility": 38.59484208277244, "sharpeRatio": 0.004376248355272922}, "PriceSMA": {"annualReturn": 0.0, "profitFactor": NaN, "winRate": NaN, "maxDrawdown": -0.0, "annualVolatility": 0.0, "sharpeRatio": NaN}}, "AXP": {"Trend-Following": {"annualReturn": -5.591894884077364, "profitFactor": 0.9218368017036599, "winRate": 36.93693693693694, "maxDrawdown": -95.35676299909957, "annualVolatility": 31.445508673635818, "sharpeRatio": 0.0}, "PriceSMA": {"annualReturn": 0.6219593064676676, "profitFactor": 32.65717302290621, "winRate": 75.0, "maxDrawdown": -25.13717802502482, "annualVolatility": 5.371945665290221, "sharpeRatio": 0.11577915065044986}}, "BA": {"Trend-Following": {"annualReturn": 2.9504863806433024, "profitFactor": 1.5942532212540914, "winRate": 40.909090909090914, "maxDrawdown": -75.28316408836272, "annualVolatility": 29.549717476067748, "sharpeRatio": 0.09984820948061161}, "PriceSMA": {"annualReturn": 0.6865858031568806, "profitFactor": NaN, "winRate": 100.0, "maxDrawdown": -56.957663262279645, "annualVolatility": 11.577405823762845, "sharpeRatio": 0.059303941971840544}}, "CAT": {"Trend-Following": {"annualReturn": 5.225653825453724, "profitFactor": 1.773227770577759, "winRate": 41.5929203539823, "maxDrawdown": -70.13051873351989, "annualVolatility": 30.93799766055616, "sharpeRatio": 0.16890730559838646}, "PriceSMA": {"annualReturn": 0.5847225016054391, "profitFactor": 12.044684573997307, "winRate": 80.0, "maxDrawdown": -19.851309887417344, "annualVolatility": 4.908033289231682, "sharpeRatio": 0.11913580596291623}}, "CRM": {"Trend-Following": {"annualReturn": -0.5352610085935683, "profitFactor": 1.676808332908921, "winRate": 36.58536585365854, "maxDrawdown": -88.74509761598087, "annualVolatility": 39.72233152716365, "sharpeRatio": 0.0}, "PriceSMA": {"annualReturn": 0.0, "profitFactor": NaN, "winRate": NaN, "maxDrawdown": -0.0, "annualVolatility": 0.0, "sharpeRatio": NaN}}, "CSCO": {"Trend-Following": {"annualReturn": 9.441244381644198, "profitFactor": 3.740976389401079, "winRate": 44.776119402985074, "maxDrawdown": -81.79858500604162, "annualVolatility": 41.40499597212717, "sharpeRatio": 0.228021864511225}, "PriceSMA": {"annualReturn": 0.0, "profitFactor": NaN, "winRate": NaN, "maxDrawdown": -0.0, "annualVolatility": 0.0, "sharpeRatio": NaN}}, "CVX": {"Trend-Following": {"annualReturn": -4.728995905892086, "profitFactor": 0.7881428085823433, "winRate": 37.903225806451616, "maxDrawdown": -90.54032182093506, "annualVolatility": 24.2320542392287, "sharpeRatio": 0.0}, "PriceSMA": {"annualReturn": 0.4273329372538326, "profitFactor": 10.936202763348678, "winRate": 66.66666666666666, "maxDrawdown": -12.428780777128967, "annualVolatility": 2.889709867016184, "sharpeRatio": 0.14788091431998396}}, "DIS": {"Trend-Following": {"annualReturn": 2.102635992439472, "profitFactor": 1.452153480536621, "winRate": 41.584158415841586, "maxDrawdown": -80.18737132886953, "annualVolatility": 29.409872906610296, "sharpeRatio": 0.07149422233534625}, "PriceSMA": {"annualReturn": 0.0, "profitFactor": NaN, "winRate": NaN, "maxDrawdown": -0.0, "annualVolatility": 0.0, "sharpeRatio": NaN}}, "DOW": {"Trend-Following": {"annualReturn": 7.259202276358945, "profitFactor": 2.164993356517008, "winRate": 66.66666666666666, "maxDrawdown": -35.72496401837185, "annualVolatility": 34.83387711777323, "sharpeRatio": 0.2083948982140462}, "PriceSMA": {"annualReturn": -2.3089022274343174, "profitFactor": 1.0345956054928374, "winRate": 59.09090909090909, "maxDrawdown": -72.69212786762073, "annualVolatility": 43.588786719138305, "sharpeRatio": 0.0}}, "GS": {"Trend-Following": {"annualReturn": -5.625872270628629, "profitFactor": 1.0323148884984659, "winRate": 46.666666666666664, "maxDrawdown": -92.80971413398666, "annualVolatility": 33.474340024561705, "sharpeRatio": 0.0}, "PriceSMA": {"annualReturn": 0.9415280840247675, "profitFactor": 2.4723246434252544, "winRate": 61.53846153846154, "maxDrawdown": -17.424087276585364, "annualVolatility": 6.274702194634757, "sharpeRatio": 0.15005143747377048}}, "HD": {"Trend-Following": {"annualReturn": -0.0856797915495866, "profitFactor": 1.5202697976386983, "winRate": 39.04761904761905, "maxDrawdown": -92.64417692266778, "annualVolatility": 33.782230571393654, "sharpeRatio": 0.0}, "PriceSMA": {"annualReturn": -0.5313032311207833, "profitFactor": 0.2807440932203836, "winRate": 25.0, "maxDrawdown": -29.06751403430001, "annualVolatility": 4.858254754098412, "sharpeRatio": 0.0}}, "HON": {"Trend-Following": {"annualReturn": -1.6956712146505293, "profitFactor": 1.1240868648679565, "winRate": 38.333333333333336, "maxDrawdown": -88.7291005033083, "annualVolatility": 28.185161616486926, "sharpeRatio": 0.0}, "PriceSMA": {"annualReturn": -0.05241831161050259, "profitFactor": 0.0, "winRate": 0.0, "maxDrawdown": -17.651512025373982, "annualVolatility": 2.2053028261583187, "sharpeRatio": 0.0}}, "IBM": {"Trend-Following": {"annualReturn": -3.325865304648923, "profitFactor": 0.9844047362610687, "winRate": 35.65217391304348, "maxDrawdown": -94.99759771155338, "annualVolatility": 24.73052889699169, "sharpeRatio": 0.0}, "PriceSMA": {"annualReturn": 0.27525920283026917, "profitFactor": 1.1990701805661732, "winRate": 48.701298701298704, "maxDrawdown": -58.10524913338089, "annualVolatility": 14.925146679877052, "sharpeRatio": 0.01844264640972605}}, "INTC": {"Trend-Following": {"annualReturn": 1.5237738919972488, "profitFactor": 1.4741951008605856, "winRate": 34.57943925233645, "maxDrawdown": -75.22463635123984, "annualVolatility": 38.95954570009406, "sharpeRatio": 0.039111695596429144}, "PriceSMA": {"annualReturn": 0.0, "profitFactor": NaN, "winRate": NaN, "maxDrawdown": -0.0, "annualVolatility": 0.0, "sharpeRatio": NaN}}, "JNJ": {"Trend-Following": {"annualReturn": 0.8871784277252326, "profitFactor": 1.332222332015285, "winRate": 36.11111111111111, "maxDrawdown": -74.8347968444276, "annualVolatility": 22.78098544387199, "sharpeRatio": 0.03894381258927851}, "PriceSMA": {"annualReturn": 0.0, "profitFactor": NaN, "winRate": NaN, "maxDrawdown": -0.0, "annualVolatility": 0.0, "sharpeRatio": NaN}}, "JPM": {"Trend-Following": {"annualReturn": -8.327526776910343, "profitFactor": 0.8740786782481533, "winRate": 35.65217391304348, "maxDrawdown": -99.64282687450107, "annualVolatility": 32.56648103842096, "sharpeRatio": 0.0}, "PriceSMA": {"annualReturn": -0.43985300765118085, "profitFactor": 1.006559282126443, "winRate": 45.94594594594595, "maxDrawdown": -60.22344168343863, "annualVolatility": 10.537014878794727, "sharpeRatio": 0.0}}, "KO": {"Trend-Following": {"annualReturn": 0.45030362085871634, "profitFactor": 1.338238249911591, "winRate": 41.509433962264154, "maxDrawdown": -74.41388982894193, "annualVolatility": 23.359124180612316, "sharpeRatio": 0.019277418852563868}, "PriceSMA": {"annualReturn": 0.0, "profitFactor": NaN, "winRate": NaN, "maxDrawdown": -0.0, "annualVolatility": 0.0, "sharpeRatio": NaN}}, "MCD": {"Trend-Following": {"annualReturn": -2.0441194041730615, "profitFactor": 1.0183500389235236, "winRate": 36.283185840707965, "maxDrawdown": -72.53624618053551, "annualVolatility": 23.907884474775283, "sharpeRatio": 0.0}, "PriceSMA": {"annualReturn": 0.0, "profitFactor": NaN, "winRate": NaN, "maxDrawdown": -0.0, "annualVolatility": 0.0, "sharpeRatio": NaN}}, "MMM": {"Trend-Following": {"annualReturn": -5.930430646928498, "profitFactor": 0.666198277003731, "winRate": 31.896551724137932, "maxDrawdown": -97.17546308221857, "annualVolatility": 23.760496669251722,