{"AAPL": {"Trend-Following": {"annualReturn": -2.8286178635580916, "profitFactor": 1.449328588983887, "winRate": 39.795918367346935, "maxDrawdown": -99.80422198478213, "annualVolatility": 61.71491590674676, "sharpeRatio": 0.0}, "Signal-And-Trailing": {"annualReturn": 3.557546306145132, "profitFactor": 1.320590099323318, "winRate": 48.33948339483395, "maxDrawdown": -64.58135583055036, "annualVolatility": 23.02482839515916, "sharpeRatio": 0.15450913444779835}}, "AMGN": {"Trend-Following": {"annualReturn": 1.4169469485690422, "profitFactor": 320.42911290444675, "winRate": 37.62376237623762, "maxDrawdown": -96.8081829255403, "annualVolatility": 39.05448939443211, "sharpeRatio": 0.03628128214041002}, "Signal-And-Trailing": {"annualReturn": 5.38935280720958, "profitFactor": 3399.063672926754, "winRate": 47.940074906367045, "maxDrawdown": -57.419899483772774, "annualVolatility": 21.30551578693195, "sharpeRatio": 0.25295575385765684}}, "AXP": {"Trend-Following": {"annualReturn": -4.824998536131353, "profitFactor": 0.9759654902787804, "winRate": 37.95620437956204, "maxDrawdown": -97.79205539036326, "annualVolatility": 31.63907008194632, "sharpeRatio": 0.0}, "Signal-And-Trailing": {"annualReturn": 0.5343007216558116, "profitFactor": 1.1259934188797807, "winRate": 42.10526315789473, "maxDrawdown": -72.24718666190566, "annualVolatility": 17.726837949780965, "sharpeRatio": 0.0301407799388392}}, "BA": {"Trend-Following": {"annualReturn": 5.7805204034014235, "profitFactor": 1.8827003912070481, "winRate": 41.21621621621622, "maxDrawdown": -77.58420696715916, "annualVolatility": 32.15370293743108, "sharpeRatio": 0.17977775109292773}, "Signal-And-Trailing": {"annualReturn": 2.243479427323458, "profitFactor": 1.2547934624877712, "winRate": 43.84236453201971, "maxDrawdown": -63.29695011443886, "annualVolatility": 17.050886697485996, "sharpeRatio": 0.13157552842423376}}, "CAT": {"Trend-Following": {"annualReturn": 4.2379538310286735, "profitFactor": 1.7288851166037222, "winRate": 41.333333333333336, "maxDrawdown": -89.68199129087877, "annualVolatility": 29.149283614270296, "sharpeRatio": 0.14538792400901218}, "Signal-And-Trailing": {"annualReturn": 4.554441346038018, "profitFactor": 1.456529462797539, "winRate": 46.79334916864608, "maxDrawdown": -36.21741198333234, "annualVolatility": 15.884248370300858, "sharpeRatio": 0.28672690327315464}}, "CRM": {"Trend-Following": {"annualReturn": -0.4182746266873094, "profitFactor": 1.684298960878668, "winRate": 36.58536585365854, "maxDrawdown": -88.74509936595378, "annualVolatility": 39.77787998692192, "sharpeRatio": 0.0}, "Signal-And-Trailing": {"annualReturn": 5.261229454225158, "profitFactor": 1.4630712861154214, "winRate": 49.166666666666664, "maxDrawdown": -37.55301546098533, "annualVolatility": 22.6545397459274, "sharpeRatio": 0.2322373137230019}}, "CSCO": {"Trend-Following": {"annualReturn": 7.312161645744308, "profitFactor": 3.4195981759361214, "winRate": 43.07692307692308, "maxDrawdown": -90.3360083690546, "annualVolatility": 40.93452861206087, "sharpeRatio": 0.17863065469843634}, "Signal-And-Trailing": {"annualReturn": 2.36914677946074, "profitFactor": 1.2534796557723509, "winRate": 44.49339207048458, "maxDrawdown": -88.62337881877752, "annualVolatility": 21.545935778773366, "sharpeRatio": 0.10995794305647087}}, "CVX": {"Trend-Following": {"annualReturn": -1.61584296473809, "profitFactor": 0.972019655404632, "winRate": 38.92215568862276, "maxDrawdown": -89.6401477951776, "annualVolatility": 24.066574234551926, "sharpeRatio": 0.0}, "Signal-And-Trailing": {"annualReturn": 1.560194706107576, "profitFactor": 2817.4366670922177, "winRate": 51.3953488372093, "maxDrawdown": -49.01613559782819, "annualVolatility": 13.008097290793948, "sharpeRatio": 0.11994027037388107}}, "DIS": {"Trend-Following": {"annualReturn": -0.23611399313800963, "profitFactor": 1.2595083472210176, "winRate": 39.33333333333333, "maxDrawdown": -97.36717805000468, "annualVolatility": 29.39466303088046, "sharpeRatio": 0.0}, "Signal-And-Trailing": {"annualReturn": 4.072489763435239, "profitFactor": 1.4329900590630804, "winRate": 44.69135802469136, "maxDrawdown": -76.27289667367768, "annualVolatility": 16.644420085481173, "sharpeRatio": 0.2446759780466997}}, "DOW": {"Trend-Following": {"annualReturn": -0.747232417133703, "profitFactor": 1.33470657097035, "winRate": 33.33333333333333, "maxDrawdown": -40.75269791606654, "annualVolatility": 33.32130253574156, "sharpeRatio": 0.0}, "Signal-And-Trailing": {"annualReturn": 8.861891036453784, "profitFactor": 1.7405487665854336, "winRate": 40.0, "maxDrawdown": -21.716842022740014, "annualVolatility": 21.707082524100983, "sharpeRatio": 0.40824882969024445}}, "GS": {"Trend-Following": {"annualReturn": -2.9224660660936763, "profitFactor": 1.1652727222085744, "winRate": 44.827586206896555, "maxDrawdown": -88.86253592275013, "annualVolatility": 33.31962818427678, "sharpeRatio": 0.0}, "Signal-And-Trailing": {"annualReturn": 0.4727486722698071, "profitFactor": 1.1226989570964387, "winRate": 41.66666666666667, "maxDrawdown": -56.29322168473516, "annualVolatility": 18.155630555866402, "sharpeRatio": 0.02603868099293603}}, "HD": {"Trend-Following": {"annualReturn": 1.1732484427002365, "profitFactor": 1.619616232979888, "winRate": 42.57425742574257, "maxDrawdown": -90.22639039914796, "annualVolatility": 34.216605586596685, "sharpeRatio": 0.03428886128786021}, "Signal-And-Trailing": {"annualReturn": 7.131390275748628, "profitFactor": 1.6304898324997918, "winRate": 48.507462686567166, "maxDrawdown": -64.23410050697021, "annualVolatility": 19.40482982371785, "sharpeRatio": 0.3675059426201294}}, "HON": {"Trend-Following": {"annualReturn": -1.7370563032760855, "profitFactor": 1.0132492416249894, "winRate": 43.20987654320987, "maxDrawdown": -94.60386028067893, "annualVolatility": 27.56090364484426, "sharpeRatio": 0.0}, "Signal-And-Trailing": {"annualReturn": 1.9048115664209497, "profitFactor": 1211.9624832388988, "winRate": 51.81818181818182, "maxDrawdown": -61.248054782048364, "annualVolatility": 15.792026125907757, "sharpeRatio": 0.12061856732214958}}, "IBM": {"Trend-Following": {"annualReturn": -4.174587841081657, "profitFactor": 0.949889434031959, "winRate": 34.96932515337423, "maxDrawdown": -97.54533993102001, "annualVolatility": 22.983748852497246, "sharpeRatio": 0.0}, "Signal-And-Trailing": {"annualReturn": 6.2050440095746895, "profitFactor": 1.7530116980768178, "winRate": 47.794117647058826, "maxDrawdown": -32.621896868371, "annualVolatility": 13.879905823278024, "sharpeRatio": 0.44705231350836655}}, "INTC": {"Trend-Following": {"annualReturn": 1.4496776308575487, "profitFactor": 1.4714192737347662, "winRate": 33.64485981308411, "maxDrawdown": -75.19400665722003, "annualVolatility": 38.97698544544292, "sharpeRatio": 0.03719316961766321}, "Signal-And-Trailing": {"annualReturn": 1.615892310498701, "profitFactor": 1.2009963926819984, "winRate": 40.55944055944056, "maxDrawdown": -75.5868285393013, "annualVolatility": 19.83648779154001, "sharpeRatio": 0.08146060570197598}}, "JNJ": {"Trend-Following": {"annualReturn": 1.0329780076439254, "profitFactor": 1.1858409999329371, "winRate": 40.25974025974026, "maxDrawdown": -85.1930962175809, "annualVolatility": 22.931193203298523, "sharpeRatio": 0.04504684943718225}, "Signal-And-Trailing": {"annualReturn": 4.3078307441893005, "profitFactor": 15317.680838881783, "winRate": 53.110047846889955, "maxDrawdown": -32.65169556517906, "annualVolatility": 12.20232261635113, "sharpeRatio": 0.3530336706896112}}, "JPM": {"Trend-Following": {"annualReturn": -8.994756333592413, "profitFactor": 0.886661574978574, "winRate": 33.6283185840708, "maxDrawdown": -99.82395367124197, "annualVolatility": 32.44286584918461, "sharpeRatio": 0.0}, "Signal-And-Trailing": {"annualReturn": 2.527177696291094, "profitFactor": 258.11937331321934, "winRate": 48.13559322033898, "maxDrawdown": -62.48506541475756, "annualVolatility": 18.81489787642799, "sharpeRatio": 0.13431790663382961}},