{"AAPL": {"Trend-Following": {"annualReturn": -2.72257050778425, "profitFactor": 1.4549679266109536, "winRate": 40.0, "maxDrawdown": -99.82554647757341, "annualVolatility": 61.757565129250445, "sharpeRatio": 0.0}, "Signal-And-Trailing": {"annualReturn": 3.01250200866503, "profitFactor": 1.2887613058919474, "winRate": 48.161764705882355, "maxDrawdown": -67.33734292562723, "annualVolatility": 22.894872643931567, "sharpeRatio": 0.13157976702978136}}, "AMGN": {"Trend-Following": {"annualReturn": 0.17133896703789286, "profitFactor": 236.92394715068843, "winRate": 38.613861386138616, "maxDrawdown": -98.02947162963748, "annualVolatility": 38.601253157827806, "sharpeRatio": 0.0044386892398892925}, "Signal-And-Trailing": {"annualReturn": 5.49670807998397, "profitFactor": 2585.6810677580775, "winRate": 47.54716981132076, "maxDrawdown": -57.41989157506605, "annualVolatility": 21.33433668580075, "sharpeRatio": 0.2576460736012641}}, "AXP": {"Trend-Following": {"annualReturn": -5.534593298592605, "profitFactor": 0.9253542525886805, "winRate": 36.93693693693694, "maxDrawdown": -95.35676299909957, "annualVolatility": 31.466826072806665, "sharpeRatio": 0.0}, "Signal-And-Trailing": {"annualReturn": 0.6714019756439926, "profitFactor": 1.1341592431020708, "winRate": 41.63934426229508, "maxDrawdown": -74.17172798791785, "annualVolatility": 17.98984325263985, "sharpeRatio": 0.03732116874033743}}, "BA": {"Trend-Following": {"annualReturn": 2.929609407460454, "profitFactor": 1.592468306614675, "winRate": 40.909090909090914, "maxDrawdown": -75.28316408836272, "annualVolatility": 29.54558942786778, "sharpeRatio": 0.09915555804404459}, "Signal-And-Trailing": {"annualReturn": 1.710672651893419, "profitFactor": 1.2146555811152375, "winRate": 42.465753424657535, "maxDrawdown": -44.542182148483874, "annualVolatility": 16.331776566788392, "sharpeRatio": 0.10474504380449157}}, "CAT": {"Trend-Following": {"annualReturn": 5.164012121238293, "profitFactor": 1.7652356554598079, "winRate": 41.5929203539823, "maxDrawdown": -70.13051873351989, "annualVolatility": 30.91049318020965, "sharpeRatio": 0.16706340112827886}, "Signal-And-Trailing": {"annualReturn": 2.3079554291790982, "profitFactor": 1.2655723175956313, "winRate": 43.59861591695502, "maxDrawdown": -43.19518630310179, "annualVolatility": 16.174510480577826, "sharpeRatio": 0.14269089824699582}}, "CRM": {"Trend-Following": {"annualReturn": -0.4182741798181788, "profitFactor": 1.6842989910310797, "winRate": 36.58536585365854, "maxDrawdown": -88.74509761598087, "annualVolatility": 39.77787908580831, "sharpeRatio": 0.0}, "Signal-And-Trailing": {"annualReturn": 5.261217112642513, "profitFactor": 1.463071276409844, "winRate": 49.166666666666664, "maxDrawdown": -37.55301713045755, "annualVolatility": 22.654536882030783, "sharpeRatio": 0.23223679830840535}}, "CSCO": {"Trend-Following": {"annualReturn": 9.412846083383286, "profitFactor": 3.738856457787888, "winRate": 44.776119402985074, "maxDrawdown": -81.79858500604162, "annualVolatility": 41.40120311630415, "sharpeRatio": 0.22735682479904615}, "Signal-And-Trailing": {"annualReturn": 2.701418774178932, "profitFactor": 1.2750340343354785, "winRate": 45.13274336283185, "maxDrawdown": -88.00612821880758, "annualVolatility": 21.576280111551668, "sharpeRatio": 0.1252031749779067}}, "CVX": {"Trend-Following": {"annualReturn": -4.929916025450898, "profitFactor": 0.7776509590984618, "winRate": 37.903225806451616, "maxDrawdown": -90.54032182093506, "annualVolatility": 24.173674739965865, "sharpeRatio": 0.0}, "Signal-And-Trailing": {"annualReturn": 0.21620438086353833, "profitFactor": 1.0793936089535519, "winRate": 43.40836012861736, "maxDrawdown": -62.400325448681315, "annualVolatility": 13.467789155312063, "sharpeRatio": 0.016053442652706026}}, "DIS": {"Trend-Following": {"annualReturn": 2.114248757489512, "profitFactor": 1.4533349811947731, "winRate": 41.584158415841586, "maxDrawdown": -80.18737132886953, "annualVolatility": 29.41555945665518, "sharpeRatio": 0.07187518430866252}, "Signal-And-Trailing": {"annualReturn": 2.118739786648205, "profitFactor": 1.2642822621042789, "winRate": 43.29896907216495, "maxDrawdown": -77.01901995565711, "annualVolatility": 15.980730823138313, "sharpeRatio": 0.1325809069745738}}, "DOW": {"Trend-Following": {"annualReturn": 6.321473736895755, "profitFactor": 2.0084150392358806, "winRate": 50.0, "maxDrawdown": -35.72496401837185, "annualVolatility": 34.57211709880568, "sharpeRatio": 0.1828489044749341}, "Signal-And-Trailing": {"annualReturn": 4.060185125092164, "profitFactor": 1.3441383665063207, "winRate": 36.0, "maxDrawdown": -26.111946319568315, "annualVolatility": 20.842241733270033, "sharpeRatio": 0.194805586512845}}, "GS": {"Trend-Following": {"annualReturn": -5.615915284411743, "profitFactor": 1.0330734979516878, "winRate": 46.666666666666664, "maxDrawdown": -92.80971413398666, "annualVolatility": 33.4856140477831, "sharpeRatio": 0.0}, "Signal-And-Trailing": {"annualReturn": 0.033494840982162266, "profitFactor": 1.0916642431836412, "winRate": 41.509433962264154, "maxDrawdown": -56.52944988450799, "annualVolatility": 18.17282240484714, "sharpeRatio": 0.001843128174368136}}, "HD": {"Trend-Following": {"annualReturn": -0.08585691353651947, "profitFactor": 1.5202603402457775, "winRate": 39.04761904761905, "maxDrawdown": -92.64417692266778, "annualVolatility": 33.78497600011923, "sharpeRatio": 0.0}, "Signal-And-Trailing": {"annualReturn": 5.909763530201184, "profitFactor": 1.5202358174425272, "winRate": 46.715328467153284, "maxDrawdown": -68.2239527276099, "annualVolatility": 19.274960916189766, "sharpeRatio": 0.30660313947704826}}, "HON": {"Trend-Following": {"annualReturn": -1.689633301176352, "profitFactor": 1.1245513231181412, "winRate": 38.333333333333336, "maxDrawdown": -88.7291005033083, "annualVolatility": 28.18834492144648, "sharpeRatio": 0.0}, "Signal-And-Trailing": {"annualReturn": -0.11072705285214424, "profitFactor": 1.064576239342033, "winRate": 44.58204334365325, "maxDrawdown": -60.022329448709996, "annualVolatility": 15.917169301315406, "sharpeRatio": 0.0}}, "IBM": {"Trend-Following": {"annualReturn": -3.3104163554738664, "profitFactor": 0.9856226264825673, "winRate": 35.65217391304348, "maxDrawdown": -94.99759771155338, "annualVolatility": 24.737773657917394, "sharpeRatio": 0.0}, "Signal-And-Trailing": {"annualReturn": 5.009462662300801, "profitFactor": 1.5699065811426036, "winRate": 42.30769230769231, "maxDrawdown": -28.293005166998974, "annualVolatility": 14.558092348570758, "sharpeRatio": 0.3441015857268281}}, "INTC": {"Trend-Following": {"annualReturn": 1.4864104456869365, "profitFactor": 1.471170282377492, "winRate": 34.57943925233645, "maxDrawdown": -75.22463635123984, "annualVolatility": 38.95006595074027, "sharpeRatio": 0.038161949393533345}, "Signal-And-Trailing": {"annualReturn": 0.7418181310951732, "profitFactor": 1.1465938925466965, "winRate": 39.92932862190813, "maxDrawdown": -76.91757251164108, "annualVolatility": 19.63284128207423, "sharpeRatio": 0.03778455295579099}}, "JNJ": {"Trend-Following": {"annualReturn": 0.8348255157875517, "profitFactor": 1.3252952045986568, "winRate": 36.11111111111111, "maxDrawdown": -74.8347968444276, "annualVolatility": 22.770378886309757, "sharpeRatio": 0.03666278545279166}, "Signal-And-Trailing": {"annualReturn": 2.963558695837909, "profitFactor": 1.3671677515780045, "winRate": 45.76271186440678, "maxDrawdown": -39.25068839083451, "annualVolatility": 12.210971611615488, "sharpeRatio": 0.2426963873226003}}, "JPM": {"Trend-Following": {"annualReturn": -8.343135343011864, "profitFactor": 0.8735163396159588, "winRate": 35.65217391304348, "maxDrawdown": -99.64282687450107, "annualVolatility": 32.56538833079295, "sharpeRatio": 0.0}, "Signal-And-Trailing": {"annualReturn": 0.40226981516011673, "profitFactor": 52.02077301232166, "winRate": 44.74576271186441, "maxDrawdown": -67.72943086323741, "annualVolatility": 18.227469190871826, "sharpeRatio": 0.022069427793166715}},