{"AAPL": {"Trend-Following": {"annualReturn": 11.346147917156202, "profitFactor": 2.3540157876738355, "winRate": 54.83870967741935, "maxDrawdown": -47.599085047377464, "annualVolatility": 30.33796433108249, "sharpeRatio": 0.373991735019993}, "Signal-And-Trailing": {"annualReturn": 8.878361946758663, "profitFactor": 2.0596086211640214, "winRate": 45.33333333333333, "maxDrawdown": -30.157922291899652, "annualVolatility": 13.763346351688272, "sharpeRatio": 0.6450729146745336}}, "AMGN": {"Trend-Following": {"annualReturn": -14.899859497622748, "profitFactor": 0.4082407506235356, "winRate": 28.947368421052634, "maxDrawdown": -90.84760627893836, "annualVolatility": 21.33089610852987, "sharpeRatio": 0.0}, "Signal-And-Trailing": {"annualReturn": 2.770241987519806, "profitFactor": 1.3405197385085212, "winRate": 49.411764705882355, "maxDrawdown": -38.15531331481141, "annualVolatility": 13.282861683479785, "sharpeRatio": 0.2085576175926926}}, "AXP": {"Trend-Following": {"annualReturn": -6.806902599441322, "profitFactor": 0.8544942553163644, "winRate": 35.13513513513514, "maxDrawdown": -79.87174731465777, "annualVolatility": 28.148595708510943, "sharpeRatio": 0.0}, "Signal-And-Trailing": {"annualReturn": 3.253978741302266, "profitFactor": 1.3778993384084195, "winRate": 45.88235294117647, "maxDrawdown": -31.100901342688946, "annualVolatility": 13.041800749757776, "sharpeRatio": 0.2495037919792404}}, "BA": {"Trend-Following": {"annualReturn": -0.3541762978257146, "profitFactor": 1.482567326918181, "winRate": 37.83783783783784, "maxDrawdown": -69.88879549917819, "annualVolatility": 28.021008980112867, "sharpeRatio": 0.0}, "Signal-And-Trailing": {"annualReturn": -0.9405018957469591, "profitFactor": 1.0505465273807941, "winRate": 39.325842696629216, "maxDrawdown": -44.53841562992683, "annualVolatility": 16.894749276736086, "sharpeRatio": 0.0}}, "CAT": {"Trend-Following": {"annualReturn": 4.496191429441243, "profitFactor": 1.7892927283881865, "winRate": 41.935483870967744, "maxDrawdown": -61.01365754956035, "annualVolatility": 28.31023673544941, "sharpeRatio": 0.15881857405350547}, "Signal-And-Trailing": {"annualReturn": 4.145271324535282, "profitFactor": 1.4584482336187699, "winRate": 46.25, "maxDrawdown": -30.717384486358114, "annualVolatility": 14.302381431588673, "sharpeRatio": 0.2898308470070523}}, "CRM": {"Trend-Following": {"annualReturn": -12.590629273843968, "profitFactor": 0.553430584220114, "winRate": 25.925925925925924, "maxDrawdown": -87.0871315793185, "annualVolatility": 30.57295024924438, "sharpeRatio": 0.0}, "Signal-And-Trailing": {"annualReturn": 4.055338402176978, "profitFactor": 1.4064968457555618, "winRate": 50.0, "maxDrawdown": -34.35359081726387, "annualVolatility": 17.5479092401649, "sharpeRatio": 0.2311009446581153}}, "CSCO": {"Trend-Following": {"annualReturn": -7.555467735242916, "profitFactor": 0.6630731012993178, "winRate": 38.70967741935484, "maxDrawdown": -80.33920445043641, "annualVolatility": 23.477096326238154, "sharpeRatio": 0.0}, "Signal-And-Trailing": {"annualReturn": 1.6733839277194074, "profitFactor": 1.2246852812143263, "winRate": 43.02325581395349, "maxDrawdown": -28.831786626797808, "annualVolatility": 15.533928448684092, "sharpeRatio": 0.10772445188268927}}, "CVX": {"Trend-Following": {"annualReturn": -5.054947045014546, "profitFactor": 0.7549079931730371, "winRate": 37.83783783783784, "maxDrawdown": -63.87943179179001, "annualVolatility": 22.686042038795588, "sharpeRatio": 0.0}, "Signal-And-Trailing": {"annualReturn": 0.17969072172805411, "profitFactor": 1.081627345750799, "winRate": 44.70588235294118, "maxDrawdown": -49.05139463592478, "annualVolatility": 12.47458085295185, "sharpeRatio": 0.014404549847904033}}, "DIS": {"Trend-Following": {"annualReturn": 4.129355597808493, "profitFactor": 1.6685396746566823, "winRate": 41.37931034482759, "maxDrawdown": -67.14300845757528, "annualVolatility": 24.10293093533676, "sharpeRatio": 0.17132172053625802}, "Signal-And-Trailing": {"annualReturn": 0.23982979657994896, "profitFactor": 1.0879570539019894, "winRate": 42.168674698795186, "maxDrawdown": -32.28184211632311, "annualVolatility": 13.39980603338024, "sharpeRatio": 0.01789800508921616}}, "DOW": {"Trend-Following": {"annualReturn": 6.150196006815967, "profitFactor": 1.9810392504717311, "winRate": 50.0, "maxDrawdown": -35.72496401837185, "annualVolatility": 34.53399175863308, "sharpeRatio": 0.1780910834114186}, "Signal-And-Trailing": {"annualReturn": 4.221816575731063, "profitFactor": 1.35702276221806, "winRate": 36.0, "maxDrawdown": -25.736309948613645, "annualVolatility": 20.881923099470377, "sharpeRatio": 0.20217565957026917}}, "GS": {"Trend-Following": {"annualReturn": -2.413603579011503, "profitFactor": 1.1725786188484968, "winRate": 53.125, "maxDrawdown": -80.57847564541929, "annualVolatility": 30.116786644007032, "sharpeRatio": 0.0}, "Signal-And-Trailing": {"annualReturn": -0.4403521648513209, "profitFactor": 1.0578281251854889, "winRate": 39.130434782608695, "maxDrawdown": -34.06686212850447, "annualVolatility": 14.04313433571365, "sharpeRatio": 0.0}}, "HD": {"Trend-Following": {"annualReturn": -2.347213017363381, "profitFactor": 1.2169819802537296, "winRate": 38.70967741935484, "maxDrawdown": -75.70740196178804, "annualVolatility": 22.925458890101602, "sharpeRatio": 0.0}, "Signal-And-Trailing": {"annualReturn": 5.832393638715705, "profitFactor": 1.6870781098707934, "winRate": 48.148148148148145, "maxDrawdown": -24.36385828476615, "annualVolatility": 12.408515939184134, "sharpeRatio": 0.4700315224883523}}, "HON": {"Trend-Following": {"annualReturn": 4.779603019241452, "profitFactor": 1.8459610429925768, "winRate": 41.935483870967744, "maxDrawdown": -30.90291338131501, "annualVolatility": 22.142653059702713, "sharpeRatio": 0.2158550290407532}, "Signal-And-Trailing": {"annualReturn": -0.5528762830962153, "profitFactor": 0.9916494182593205, "winRate": 48.86363636363637, "maxDrawdown": -38.356901767468344, "annualVolatility": 11.06172551197971, "sharpeRatio": 0.0}}, "IBM": {"Trend-Following": {"annualReturn": -10.940792666266663, "profitFactor": 0.43117970243165954, "winRate": 34.21052631578947, "maxDrawdown": -85.92561001289573, "annualVolatility": 20.61972692370968, "sharpeRatio": 0.0}, "Signal-And-Trailing": {"annualReturn": 0.15656601013349647, "profitFactor": 1.076842263088427, "winRate": 42.168674698795186, "maxDrawdown": -24.813152558141194, "annualVolatility": 11.612816272346143, "sharpeRatio": 0.013482174044751796}}, "INTC": {"Trend-Following": {"annualReturn": -4.890537492992541, "profitFactor": 0.8890021950707111, "winRate": 34.285714285714285, "maxDrawdown": -69.99892820790006, "annualVolatility": 27.40910565901381, "sharpeRatio": 0.0}, "Signal-And-Trailing": {"annualReturn": -1.1931535511571445, "profitFactor": 0.9987795759987828, "winRate": 34.48275862068966, "maxDrawdown": -31.563426596464705, "annualVolatility": 15.388955518960804, "sharpeRatio": 0.0}}, "JNJ": {"Trend-Following": {"annualReturn": -2.052419252759241, "profitFactor": 0.8153656094728062, "winRate": 29.03225806451613, "maxDrawdown": -45.5340623778821, "annualVolatility": 16.61793801612833, "sharpeRatio": 0.0}, "Signal-And-Trailing": {"annualReturn": 2.9171762402483647, "profitFactor": 1.4511318152799115, "winRate": 40.476190476190474, "maxDrawdown": -13.047914562531881, "annualVolatility": 8.674783582833058, "sharpeRatio": 0.3362823074942531}}, "JPM": {"Trend-Following": {"annualReturn": 2.3053528147852997, "profitFactor": 1.4510195249942066, "winRate": 33.33333333333333, "maxDrawdown": -58.01488790229069, "annualVolatility": 26.794254405347356, "sharpeRatio": 0.08603907315014589}, "Signal-And-Trailing": {"annualReturn": 0.9565679341412503, "profitFactor": 1.1510568419462406, "winRate": 38.70967741935484, "maxDrawdown": -32.87111670702658, "annualVolatility": 14.424297811766063, "sharpeRatio": 0.06631642986190753}}, "KO": {"Trend-Following": {"annualReturn": -3.499097112887317, "profitFactor": 0.6725122215432596, "winRate": 43.75,