{"AAPL": {"Trend-Following": {"annualReturn": -2.7312687999323293, "profitFactor": 1.454566851452337, "winRate": 40.0, "maxDrawdown": -99.82554647757341, "annualVolatility": 61.74867914939108, "sharpeRatio": 0.0}, "Signal-And-Trailing": {"annualReturn": -0.43853316542553644, "profitFactor": 0.8624617736218395, "winRate": 48.0, "maxDrawdown": -24.384281186342804, "annualVolatility": 4.137139777472563, "sharpeRatio": 0.0}}, "AMGN": {"Trend-Following": {"annualReturn": 0.16353070851511387, "profitFactor": 240.03977708971462, "winRate": 38.613861386138616, "maxDrawdown": -98.02947162963748, "annualVolatility": 38.59655210416909, "sharpeRatio": 0.004236925310679493}, "Signal-And-Trailing": {"annualReturn": -0.29336729500507586, "profitFactor": 0.8799027385977469, "winRate": 47.368421052631575, "maxDrawdown": -29.841412520224942, "annualVolatility": 4.798181175771126, "sharpeRatio": 0.0}}, "AXP": {"Trend-Following": {"annualReturn": -5.5609368018733285, "profitFactor": 0.9237374817813238, "winRate": 36.93693693693694, "maxDrawdown": -95.35676299909957, "annualVolatility": 31.457482191520906, "sharpeRatio": 0.0}, "Signal-And-Trailing": {"annualReturn": 0.74366402995929, "profitFactor": 3.9292396277693786, "winRate": 62.5, "maxDrawdown": -25.24038718874787, "annualVolatility": 5.629657005330873, "sharpeRatio": 0.13209757348539966}}, "BA": {"Trend-Following": {"annualReturn": 2.950129190869588, "profitFactor": 1.594177705122494, "winRate": 40.909090909090914, "maxDrawdown": -75.28316408836272, "annualVolatility": 29.55171227605946, "sharpeRatio": 0.09982938258571085}, "Signal-And-Trailing": {"annualReturn": 0.0, "profitFactor": 0.03596666305669696, "winRate": 26.666666666666668, "maxDrawdown": -100.0, "annualVolatility": 24578247.162492245, "sharpeRatio": 0.0}}, "CAT": {"Trend-Following": {"annualReturn": 5.230317028967901, "profitFactor": 1.773700140420522, "winRate": 41.5929203539823, "maxDrawdown": -70.13051873351989, "annualVolatility": 30.94221537034135, "sharpeRatio": 0.16903498881276777}, "Signal-And-Trailing": {"annualReturn": 0.0, "profitFactor": NaN, "winRate": NaN, "maxDrawdown": -0.0, "annualVolatility": 0.0, "sharpeRatio": NaN}}, "CRM": {"Trend-Following": {"annualReturn": -0.5074208866449048, "profitFactor": 1.6785872135829873, "winRate": 36.58536585365854, "maxDrawdown": -88.74509761598087, "annualVolatility": 39.73771011847845, "sharpeRatio": 0.0}, "Signal-And-Trailing": {"annualReturn": 3.9575658246717715, "profitFactor": 3.239174118401153, "winRate": 53.65853658536586, "maxDrawdown": -32.62828892649745, "annualVolatility": 13.029468666209834, "sharpeRatio": 0.3037396171752716}}, "CSCO": {"Trend-Following": {"annualReturn": 9.444181374595528, "profitFactor": 3.7410111354277493, "winRate": 44.776119402985074, "maxDrawdown": -81.79858500604162, "annualVolatility": 41.4103349196964, "sharpeRatio": 0.2280633902843297}, "Signal-And-Trailing": {"annualReturn": -6.249982705384305, "profitFactor": 0.8137164030247591, "winRate": 49.28571428571429, "maxDrawdown": -96.4445797932254, "annualVolatility": 28.68200208554202, "sharpeRatio": 0.0}}, "CVX": {"Trend-Following": {"annualReturn": -4.900359797626697, "profitFactor": 0.7791075896303161, "winRate": 37.903225806451616, "maxDrawdown": -90.54032182093506, "annualVolatility": 24.18057184475508, "sharpeRatio": 0.0}, "Signal-And-Trailing": {"annualReturn": 0.0, "profitFactor": NaN, "winRate": NaN, "maxDrawdown": -0.0, "annualVolatility": 0.0, "sharpeRatio": NaN}}, "DIS": {"Trend-Following": {"annualReturn": 2.114152504162914, "profitFactor": 1.4533460177359678, "winRate": 41.584158415841586, "maxDrawdown": -80.18737132886953, "annualVolatility": 29.414362770289532, "sharpeRatio": 0.07187483613611881}, "Signal-And-Trailing": {"annualReturn": -0.5789801339900258, "profitFactor": 0.9504403415274769, "winRate": 47.867298578199055, "maxDrawdown": -65.01286138562898, "annualVolatility": 11.234798732088379, "sharpeRatio": 0.0}}, "DOW": {"Trend-Following": {"annualReturn": 6.504284739002397, "profitFactor": 2.0385980309001046, "winRate": 50.0, "maxDrawdown": -35.72496401837185, "annualVolatility": 34.631619178415434, "sharpeRatio": 0.1878134748910692}, "Signal-And-Trailing": {"annualReturn": 0.0, "profitFactor": NaN, "winRate": NaN, "maxDrawdown": -0.0, "annualVolatility": 0.0, "sharpeRatio": NaN}}, "GS": {"Trend-Following": {"annualReturn": -5.638430479429324, "profitFactor": 1.0316808979797978, "winRate": 46.666666666666664, "maxDrawdown": -92.80971413398666, "annualVolatility": 33.475548882955096, "sharpeRatio": 0.0}, "Signal-And-Trailing": {"annualReturn": 0.7723915942244419, "profitFactor": 1.6574168739067376, "winRate": 64.28571428571429, "maxDrawdown": -18.882265924385734, "annualVolatility": 6.462225762487611, "sharpeRatio": 0.11952408080634938}}, "HD": {"Trend-Following": {"annualReturn": -0.07029061760638333, "profitFactor": 1.521230250796525, "winRate": 39.04761904761905, "maxDrawdown": -92.64417692266778, "annualVolatility": 33.78975724160822, "sharpeRatio": 0.0}, "Signal-And-Trailing": {"annualReturn": -0.2082885310285998, "profitFactor": 0.7940903494286337, "winRate": 31.70731707317073, "maxDrawdown": -37.11783455590001, "annualVolatility": 5.194857748852282, "sharpeRatio": 0.0}}, "HON": {"Trend-Following": {"annualReturn": -1.6634809747697488, "profitFactor": 1.1264235916742977, "winRate": 38.333333333333336, "maxDrawdown": -88.7291005033083, "annualVolatility": 28.195801076465056, "sharpeRatio": 0.0}, "Signal-And-Trailing": {"annualReturn": -0.6553291170605102, "profitFactor": 0.5006149356881416, "winRate": 42.5, "maxDrawdown": -27.324869022523647, "annualVolatility": 4.605519555633951, "sharpeRatio": 0.0}}, "IBM": {"Trend-Following": {"annualReturn": -3.3166436951754363, "profitFactor": 0.985135481675513, "winRate": 35.65217391304348, "maxDrawdown": -94.99759771155338, "annualVolatility": 24.735005457889976, "sharpeRatio": 0.0}, "Signal-And-Trailing": {"annualReturn": 1.2937969023970153, "profitFactor": 1.635910954828653, "winRate": 50.51546391752577, "maxDrawdown": -46.56623591623499, "annualVolatility": 15.042150477675802, "sharpeRatio": 0.08601143196361129}}, "INTC": {"Trend-Following": {"annualReturn": 1.5015174835482314, "profitFactor": 1.4723850698926197, "winRate": 34.57943925233645, "maxDrawdown": -75.22463635123984, "annualVolatility": 38.95432920775668, "sharpeRatio": 0.03854558694978749}, "Signal-And-Trailing": {"annualReturn": -0.25455234687637995, "profitFactor": 1.018122899534093, "winRate": 49.19786096256685, "maxDrawdown": -88.37441739421405, "annualVolatility": 41.97897509808332, "sharpeRatio": 0.0}}, "JNJ": {"Trend-Following": {"annualReturn": 0.8697502039181293, "profitFactor": 1.329880314456226, "winRate": 36.11111111111111, "maxDrawdown": -74.8347968444276, "annualVolatility": 22.777105858592865, "sharpeRatio": 0.03818528171743155}, "Signal-And-Trailing": {"annualReturn": -0.021212648929969102, "profitFactor": 0.9493956331185612, "winRate": 44.44444444444444, "maxDrawdown": -8.615368294939607, "annualVolatility": 1.4448794849138122, "sharpeRatio": 0.0}}, "JPM": {"Trend-Following": {"annualReturn": -8.337858414630794, "profitFactor": 0.8737172575157429, "winRate": 35.65217391304348, "maxDrawdown": -99.64282687450107, "annualVolatility": 32.56592225538683, "sharpeRatio": 0.0}, "Signal-And-Trailing": {"annualReturn": -0.3982811784228435, "profitFactor": 1.0012560550838985, "winRate": 50.68493150684932, "maxDrawdown": -65.94682048883004, "annualVolatility": 11.10005438793724, "sharpeRatio": 0.0}}, "KO": {"Trend-Following": {"annualReturn": 0.45357469612510304, "profitFactor": 1.3386053012238186, "winRate": 41.509433962264154, "maxDrawdown": -74.41388982894193, "annualVolatility": 23.36190664144757, "sharpeRatio": 0.019415140343057132}, "Signal-And-Trailing": {"annualReturn": 0.013702414064686863, "profitFactor": 1.108530020087305, "winRate": 30.0, "maxDrawdown": -7.311734448386964, "annualVolatility": 1.1602254208507432, "sharpeRatio": 0.011810130874946244}},