{"AAPL": {"TF": {"annualReturn": 8.77947287453491, "profitFactor": NaN, "winRate": 100.0, "maxDrawdown": -13.960801051324633, "annualVolatility": 18.143039157357535, "sharpeRatio": 0.48390309905573764}, "ST": {"annualReturn": 10.42396546335893, "profitFactor": 2.2658427269924113, "winRate": 40.0, "maxDrawdown": -11.96844216770263, "annualVolatility": 14.587971545187484, "sharpeRatio": 0.7145589385796243}}, "AMGN": {"TF": {"annualReturn": 6.94772772527783, "profitFactor": NaN, "winRate": 100.0, "maxDrawdown": -10.138023741598722, "annualVolatility": 16.392549217344527, "sharpeRatio": 0.42383448926458744}, "ST": {"annualReturn": 6.180890268524819, "profitFactor": 2.590343500955573, "winRate": 80.0, "maxDrawdown": -9.940054225779772, "annualVolatility": 11.008966508111467, "sharpeRatio": 0.5614414635534322}}, "AXP": {"TF": {"annualReturn": -22.226803762977333, "profitFactor": 0.19301621994043316, "winRate": 33.33333333333333, "maxDrawdown": -36.35868881378082, "annualVolatility": 21.88377671858929, "sharpeRatio": 0.0}, "ST": {"annualReturn": -12.673405706804175, "profitFactor": 0.5078975880251502, "winRate": 37.5, "maxDrawdown": -18.724206895731143, "annualVolatility": 11.38425844511686, "sharpeRatio": 0.0}}, "BA": {"TF": {"annualReturn": 0.0, "profitFactor": NaN, "winRate": NaN, "maxDrawdown": -0.0, "annualVolatility": 0.0, "sharpeRatio": NaN}, "ST": {"annualReturn": -5.11708936587697, "profitFactor": 0.7945737878262161, "winRate": 50.0, "maxDrawdown": -22.720004003600145, "annualVolatility": 17.26509167506627, "sharpeRatio": 0.0}}, "CAT": {"TF": {"annualReturn": -21.786935312988966, "profitFactor": 0.26401114895553995, "winRate": 25.0, "maxDrawdown": -29.586104313508944, "annualVolatility": 20.166453980004313, "sharpeRatio": 0.0}, "ST": {"annualReturn": 1.090880044736342, "profitFactor": 1.186818802538404, "winRate": 40.0, "maxDrawdown": -5.844179047225529, "annualVolatility": 9.742236438541825, "sharpeRatio": 0.11197429374847118}}, "CRM": {"TF": {"annualReturn": 23.383276960053312, "profitFactor": NaN, "winRate": 100.0, "maxDrawdown": -10.847211364342634, "annualVolatility": 30.910816133391965, "sharpeRatio": 0.7564755605010735}, "ST": {"annualReturn": -18.136741484218266, "profitFactor": 0.3803707585989161, "winRate": 33.33333333333333, "maxDrawdown": -29.535632070528017, "annualVolatility": 13.045347541366285, "sharpeRatio": 0.0}}, "CSCO": {"TF": {"annualReturn": 4.159688752745283, "profitFactor": 1.538377850872812, "winRate": 50.0, "maxDrawdown": -16.853429200081614, "annualVolatility": 21.738425829976787, "sharpeRatio": 0.19135188468933056}, "ST": {"annualReturn": 1.776506872618011, "profitFactor": 1.2483929422965039, "winRate": 50.0, "maxDrawdown": -8.303661814083618, "annualVolatility": 12.727289012337076, "sharpeRatio": 0.139582504247053}}, "CVX": {"TF": {"annualReturn": -11.410771791943208, "profitFactor": 0.0, "winRate": 0.0, "maxDrawdown": -11.981804154692865, "annualVolatility": 6.409862125079423, "sharpeRatio": 0.0}, "ST": {"annualReturn": 30.185625140462435, "profitFactor": 5.75205763691488, "winRate": 71.42857142857143, "maxDrawdown": -7.748468311898938, "annualVolatility": 18.281315780410566, "sharpeRatio": 1.6511735535364467}}, "DIS": {"TF": {"annualReturn": 0.0, "profitFactor": NaN, "winRate": NaN, "maxDrawdown": -0.0, "annualVolatility": 0.0, "sharpeRatio": NaN}, "ST": {"annualReturn": -14.475734327826896, "profitFactor": 0.4403121106484216, "winRate": 33.33333333333333, "maxDrawdown": -26.269942904534705, "annualVolatility": 13.40380617763935, "sharpeRatio": 0.0}}, "DOW": {"TF": {"annualReturn": -20.18193082427966, "profitFactor": 0.0, "winRate": 0.0, "maxDrawdown": -30.57597976419234, "annualVolatility": 15.751065125875282, "sharpeRatio": 0.0}, "ST": {"annualReturn": -16.31488496469955, "profitFactor": 0.10402447915523713, "winRate": 12.5, "maxDrawdown": -17.691603988970396, "annualVolatility": 10.012378680846032, "sharpeRatio": 0.0}}, "GS": {"TF": {"annualReturn": 15.132079190759873, "profitFactor": NaN, "winRate": 100.0, "maxDrawdown": -10.017568533822697, "annualVolatility": 21.19992675821983, "sharpeRatio": 0.7137797862859466}, "ST": {"annualReturn": -31.026660941158802, "profitFactor": 0.0, "winRate": 0.0, "maxDrawdown": -33.38150954270059, "annualVolatility": 8.307937672077227, "sharpeRatio": 0.0}}, "HD": {"TF": {"annualReturn": 4.225487540968076, "profitFactor": NaN, "winRate": 100.0, "maxDrawdown": -10.523658567509052, "annualVolatility": 19.509728936411587, "sharpeRatio": 0.21658361091229325}, "ST": {"annualReturn": -6.460834250340586, "profitFactor": 0.8171610130680195, "winRate": 37.5, "maxDrawdown": -24.636641597047703, "annualVolatility": 14.271735482711744, "sharpeRatio": 0.0}}, "HON": {"TF": {"annualReturn": -20.32033011716482, "profitFactor": 0.0, "winRate": 0.0, "maxDrawdown": -20.248473559500013, "annualVolatility": 7.482450334737188, "sharpeRatio": 0.0}, "ST": {"annualReturn": -6.662353200071314, "profitFactor": 0.6305492455277882, "winRate": 50.0, "maxDrawdown": -16.723048601321878, "annualVolatility": 9.958656982570295, "sharpeRatio": 0.0}}, "IBM": {"TF": {"annualReturn": -9.730403625488226, "profitFactor": 0.0015631678010388705, "winRate": 33.33333333333333, "maxDrawdown": -17.73648678842603, "annualVolatility": 16.47281989377849, "sharpeRatio": 0.0}, "ST": {"annualReturn": -2.662367022376544, "profitFactor": 0.8359766219710023, "winRate": 42.857142857142854, "maxDrawdown": -13.466577504505285, "annualVolatility": 8.890452571309716, "sharpeRatio": 0.0}}, "INTC": {"TF": {"annualReturn": 0.0, "profitFactor": NaN, "winRate": NaN, "maxDrawdown": -0.0, "annualVolatility": 0.0, "sharpeRatio": NaN}, "ST": {"annualReturn": -12.45541834951811, "profitFactor": 0.5386467224555933, "winRate": 42.857142857142854, "maxDrawdown": -18.189208115984723, "annualVolatility": 18.67879860173399, "sharpeRatio": 0.0}}, "JNJ": {"TF": {"annualReturn": -1.5979556668890504, "profitFactor": 0.28249452696857946, "winRate": 50.0, "maxDrawdown": -10.810974260778238, "annualVolatility": 13.69827049946338, "sharpeRatio": 0.0}, "ST": {"annualReturn": -3.01345576656209, "profitFactor": 0.7038107573234892, "winRate": 16.666666666666664, "maxDrawdown": -7.731753222313409, "annualVolatility": 8.385151057946096, "sharpeRatio": 0.0}}, "JPM": {"TF": {"annualReturn": 31.444316566695708, "profitFactor": NaN, "winRate": 100.0, "maxDrawdown": -6.87716641289442, "annualVolatility": 20.530166119813302, "sharpeRatio": 1.531615301268768}, "ST": {"annualReturn": -23.75339568086573, "profitFactor": 0.010551327556479782, "winRate": 14.285714285714285, "maxDrawdown": -25.85974793849024, "annualVolatility": 7.732126594545276, "sharpeRatio": 0.0}}, "KO": {"TF": {"annualReturn": -3.810630590774222, "profitFactor": 0.0, "winRate": 0.0, "maxDrawdown": -4.36598311269999, "annualVolatility": 2.6353619367290406, "sharpeRatio": 0.0}, "ST": {"annualReturn": -5.274314243567613, "profitFactor": 0.3547607131395129, "winRate": 20.0, "maxDrawdown": -10.776618996579334, "annualVolatility": 6.641336225400931, "sharpeRatio": 0.0}}, "MCD": {"TF": {"annualReturn": -4.575470636536583, "profitFactor": 0.5948675520804606, "winRate": 50.0, "maxDrawdown": -15.377333277854788, "annualVolatility": 14.279998863255289, "sharpeRatio": 0.0}, "ST": {"annualReturn": -3.869051427756265, "profitFactor": 0.675837402028278, "winRate": 42.857142857142854, "maxDrawdown": -11.142868487599245, "annualVolatility": 8.909814857495979, "sharpeRatio": 0.0}}, "MMM": {"TF": {"annualReturn": 0.0, "profitFactor": NaN, "winRate": NaN, "maxDrawdown": -0.0, "annualVolatility": 0.0, "sharpeRatio": NaN}, "ST": {"annualReturn": -3.6310338929952612, "profitFactor": 0.5803285627017043, "winRate": 16.666666666666664, "maxDrawdown": -8.03093141868203, "annualVolatility": 9.263718707678382, "sharpeRatio": 0.0}}, "MRK": {"TF": {"annualReturn": 5.763639014793931, "profitFactor": 3.2221469132865854, "winRate": 50.0, "maxDrawdown": -11.5915831074072, "annualVolatility": 15.659267041358854,